record_type,H,lambda_units,lambda_value,q,exact_level,twin_level,enumerated_level,abs_difference,bit_identical,n_streams,operator,realised_level,disagreements
twin_binding_exact,8000,75,15,0.5,0.0036773861881254804,0.0036773861881254804,NaN,0,True,NaN,,NaN,NaN
twin_binding_exact,10,4,0.80000000000000004,0.5,0.888671875,0.888671875,NaN,0,True,NaN,,NaN,NaN
twin_binding_exact,10,5,1,0.5,0.8359375,0.8359375,NaN,0,True,NaN,,NaN,NaN
twin_binding_exact,10,6,1.2000000000000002,0.5,0.583984375,0.583984375,NaN,0,True,NaN,,NaN,NaN
twin_binding_exact,10,7,1.4000000000000001,0.5,0.505859375,0.505859375,NaN,0,True,NaN,,NaN,NaN
twin_binding_exact,12,4,0.80000000000000004,0.5,0.9365234375,0.9365234375,NaN,0,True,NaN,,NaN,NaN
twin_binding_exact,12,5,1,0.5,0.89501953125,0.89501953125,NaN,0,True,NaN,,NaN,NaN
twin_binding_exact,12,6,1.2000000000000002,0.5,0.6826171875,0.6826171875,NaN,0,True,NaN,,NaN,NaN
twin_binding_exact,12,7,1.4000000000000001,0.5,0.599609375,0.599609375,NaN,0,True,NaN,,NaN,NaN
twin_binding_exact,14,4,0.80000000000000004,0.5,0.9637451171875,0.9637451171875,NaN,0,True,NaN,,NaN,NaN
twin_binding_exact,14,5,1,0.5,0.9332275390625,0.9332275390625,NaN,0,True,NaN,,NaN,NaN
twin_binding_exact,14,6,1.2000000000000002,0.5,0.7567138671875,0.7567138671875,NaN,0,True,NaN,,NaN,NaN
twin_binding_exact,14,7,1.4000000000000001,0.5,0.6759033203125,0.6759033203125,NaN,0,True,NaN,,NaN,NaN
enumeration_validation,10,4,0.80000000000000004,0.5,0.888671875,0.888671875,0.888671875,0,True,1024,>,NaN,NaN
enumeration_validation,10,4,0.80000000000000004,0.56369400000000003,0.89599144974052425,0.89599144974052425,0.89599144974052558,1.3322676295501878e-15,False,1024,>,NaN,NaN
enumeration_validation,10,4,0.80000000000000004,0.58186099999999996,0.90055966620232586,0.90055966620232586,0.90055966620233008,4.2188474935755949e-15,False,1024,>,NaN,NaN
enumeration_validation,10,5,1,0.5,0.8359375,0.8359375,0.8359375,0,True,1024,>,NaN,NaN
enumeration_validation,10,5,1,0.56369400000000003,0.84596642071337769,0.84596642071337769,0.84596642071337869,9.9920072216264089e-16,False,1024,>,NaN,NaN
enumeration_validation,10,5,1,0.58186099999999996,0.85224925381459737,0.85224925381459737,0.85224925381460082,3.4416913763379853e-15,False,1024,>,NaN,NaN
enumeration_validation,10,6,1.2000000000000002,0.5,0.583984375,0.583984375,0.583984375,0,True,1024,>,NaN,NaN
enumeration_validation,10,6,1.2000000000000002,0.56369400000000003,0.60650512877673612,0.60650512877673612,0.6065051287767359,2.2204460492503131e-16,False,1024,>,NaN,NaN
enumeration_validation,10,6,1.2000000000000002,0.58186099999999996,0.6206980772947166,0.6206980772947166,0.62069807729471582,7.7715611723760958e-16,False,1024,>,NaN,NaN
enumeration_validation,10,7,1.4000000000000001,0.5,0.505859375,0.505859375,0.505859375,0,True,1024,>,NaN,NaN
enumeration_validation,10,7,1.4000000000000001,0.56369400000000003,0.53067754948292989,0.53067754948292989,0.53067754948292822,1.6653345369377348e-15,False,1024,>,NaN,NaN
enumeration_validation,10,7,1.4000000000000001,0.58186099999999996,0.54638267934319618,0.54638267934319618,0.54638267934319418,1.9984014443252818e-15,False,1024,>,NaN,NaN
enumeration_validation,12,4,0.80000000000000004,0.5,0.9365234375,0.9365234375,0.9365234375,0,True,4096,>,NaN,NaN
enumeration_validation,12,4,0.80000000000000004,0.56369400000000003,0.94158141337935886,0.94158141337935886,0.94158141337939139,3.2529534621517087e-14,False,4096,>,NaN,NaN
enumeration_validation,12,4,0.80000000000000004,0.58186099999999996,0.94469857120622724,0.94469857120622724,0.94469857120624057,1.3322676295501878e-14,False,4096,>,NaN,NaN
enumeration_validation,12,5,1,0.5,0.89501953125,0.89501953125,0.89501953125,0,True,4096,>,NaN,NaN
enumeration_validation,12,5,1,0.56369400000000003,0.90284160450665396,0.90284160450665396,0.90284160450668438,3.0420110874729289e-14,False,4096,>,NaN,NaN
enumeration_validation,12,5,1,0.58186099999999996,0.90768373743405839,0.90768373743405839,0.90768373743406927,1.0880185641326534e-14,False,4096,>,NaN,NaN
enumeration_validation,12,6,1.2000000000000002,0.5,0.6826171875,0.6826171875,0.6826171875,0,True,4096,>,NaN,NaN
enumeration_validation,12,6,1.2000000000000002,0.56369400000000003,0.70441557001096866,0.70441557001096866,0.70441557001098665,1.7985612998927536e-14,False,4096,>,NaN,NaN
enumeration_validation,12,6,1.2000000000000002,0.58186099999999996,0.71798158698921144,0.71798158698921144,0.71798158698921088,5.5511151231257827e-16,False,4096,>,NaN,NaN
enumeration_validation,12,7,1.4000000000000001,0.5,0.599609375,0.599609375,0.599609375,0,True,4096,>,NaN,NaN
enumeration_validation,12,7,1.4000000000000001,0.56369400000000003,0.62488418115808897,0.62488418115808897,0.62488418115810329,1.4321877017664519e-14,False,4096,>,NaN,NaN
enumeration_validation,12,7,1.4000000000000001,0.58186099999999996,0.64070275068498161,0.64070275068498161,0.64070275068497651,5.1070259132757201e-15,False,4096,>,NaN,NaN
enumeration_validation,14,4,0.80000000000000004,0.5,0.9637451171875,0.9637451171875,0.9637451171875,0,True,16384,>,NaN,NaN
enumeration_validation,14,4,0.80000000000000004,0.56369400000000003,0.96713940879826887,0.96713940879826887,0.96713940879815508,1.1379786002407855e-13,False,16384,>,NaN,NaN
enumeration_validation,14,4,0.80000000000000004,0.58186099999999996,0.96920480517513097,0.96920480517513097,0.96920480517510577,2.5202062658991053e-14,False,16384,>,NaN,NaN
enumeration_validation,14,5,1,0.5,0.9332275390625,0.9332275390625,0.9332275390625,0,True,16384,>,NaN,NaN
enumeration_validation,14,5,1,0.56369400000000003,0.93911088779276508,0.93911088779276508,0.93911088779265806,1.0702549957386509e-13,False,16384,>,NaN,NaN
enumeration_validation,14,5,1,0.58186099999999996,0.94270851795452637,0.94270851795452637,0.94270851795450639,1.9984014443252818e-14,False,16384,>,NaN,NaN
enumeration_validation,14,6,1.2000000000000002,0.5,0.7567138671875,0.7567138671875,0.7567138671875,0,True,16384,>,NaN,NaN
enumeration_validation,14,6,1.2000000000000002,0.56369400000000003,0.77665217508141049,0.77665217508141049,0.77665217508134565,6.4837024638109142e-14,False,16384,>,NaN,NaN
enumeration_validation,14,6,1.2000000000000002,0.58186099999999996,0.78891542496607936,0.78891542496607936,0.78891542496606926,1.0103029524088925e-14,False,16384,>,NaN,NaN
enumeration_validation,14,7,1.4000000000000001,0.5,0.6759033203125,0.6759033203125,0.6759033203125,0,True,16384,>,NaN,NaN
enumeration_validation,14,7,1.4000000000000001,0.56369400000000003,0.70075008883837664,0.70075008883837664,0.70075008883833578,4.0856207306205761e-14,False,16384,>,NaN,NaN
enumeration_validation,14,7,1.4000000000000001,0.58186099999999996,0.7161176470066416,0.7161176470066416,0.71611764700663461,6.9944050551384862e-15,False,16384,>,NaN,NaN
fair_coin_survival,8000,74,14.800000000000001,0.5,0.0043344253665914597,NaN,NaN,NaN,True,NaN,>,NaN,NaN
fair_coin_survival,8000,75,15,0.5,0.0036773861881254804,NaN,NaN,NaN,True,NaN,>,NaN,NaN
fair_coin_survival,8000,76,15.200000000000001,0.5,0.0031197954712260728,NaN,NaN,NaN,True,NaN,>,NaN,NaN
half_arm_prediction_q_star_strict,8000,75,15,0.49967357998255779,0.0036796054690944576,0.0036796054690944576,NaN,0.0013203945309055425,False,1000,xi=1.0 strict,0.0050000000000000001,NaN
half_arm_prediction_q_star_weak,8000,74,14.800000000000001,0.49967357998255779,0.0043369596586342622,0.0043369596586342622,NaN,0.00066304034136573792,False,1000,xi=1.0 weak,0.0050000000000000001,NaN
half_arm_prediction_q_measured_strict,8000,75,15,0.49948512499999997,0.0036829084965662364,0.0036829084965662364,NaN,0.0013170915034337637,False,1000,xi=1.0 strict,0.0050000000000000001,NaN
half_arm_prediction_q_measured_weak,8000,74,14.800000000000001,0.49948512499999997,0.0043407314966338022,0.0043407314966338022,NaN,0.00065926850336619786,False,1000,xi=1.0 weak,0.0050000000000000001,NaN
half_arm_prediction_q_star_strict,8000,75,15,0.52960362394138338,0.038869350185319632,0.038869350185319632,NaN,0.0021306498146803701,False,1000,xi=0.85 strict,0.041000000000000002,NaN
half_arm_prediction_q_star_weak,8000,74,14.800000000000001,0.52960362394138338,0.043572148398182561,0.043572148398182561,NaN,0.0025721483981825596,False,1000,xi=0.85 weak,0.041000000000000002,NaN
half_arm_prediction_q_measured_strict,8000,75,15,0.52947,0.03837081128193038,0.03837081128193038,NaN,0.0026291887180696222,False,1000,xi=0.85 strict,0.041000000000000002,NaN
half_arm_prediction_q_measured_weak,8000,74,14.800000000000001,0.52947,0.043023898258683357,0.043023898258683357,NaN,0.0020238982586833557,False,1000,xi=0.85 weak,0.041000000000000002,NaN
half_arm_prediction_q_star_strict,8000,75,15,0.56428100868234865,0.59722339342553654,0.59722339342553654,NaN,0.0012233934255365675,False,1000,xi=0.65 strict,0.59599999999999997,NaN
half_arm_prediction_q_star_weak,8000,74,14.800000000000001,0.56428100868234865,0.62053249119904441,0.62053249119904441,NaN,0.024532491199044437,False,1000,xi=0.65 weak,0.59599999999999997,NaN
half_arm_prediction_q_measured_strict,8000,75,15,0.56407937500000005,0.59132668324143611,0.59132668324143611,NaN,0.0046733167585638613,False,1000,xi=0.65 strict,0.59599999999999997,NaN
half_arm_prediction_q_measured_weak,8000,74,14.800000000000001,0.56407937500000005,0.61471143564104502,0.61471143564104502,NaN,0.018711435641045049,False,1000,xi=0.65 weak,0.59599999999999997,NaN
half_arm_prediction_q_star_strict,8000,75,15,0.58234793266181373,0.96648650874151398,0.96648650874151398,NaN,0.00048650874151401347,False,1000,xi=0.5 strict,0.96599999999999997,NaN
half_arm_prediction_q_star_weak,8000,74,14.800000000000001,0.58234793266181373,0.97099303861702912,0.97099303861702912,NaN,0.0049930386170291552,False,1000,xi=0.5 weak,0.96599999999999997,NaN
half_arm_prediction_q_measured_strict,8000,75,15,0.58219112499999992,0.96529648209117647,0.96529648209117647,NaN,0.00070351790882350329,False,1000,xi=0.5 strict,0.96599999999999997,NaN
half_arm_prediction_q_measured_weak,8000,74,14.800000000000001,0.58219112499999992,0.9699355171825198,0.9699355171825198,NaN,0.0039355171825198321,False,1000,xi=0.5 weak,0.96599999999999997,NaN
boundary_artefact,8000,75,15,NaN,NaN,NaN,NaN,NaN,False,4000,float M > lambda,0.40200000000000002,38
boundary_artefact,8000,75,15,NaN,NaN,NaN,NaN,NaN,False,4000,exact M_units > lambda,0.39250000000000002,0
boundary_artefact,8000,75,15,NaN,NaN,NaN,NaN,NaN,False,4000,exact M_units >= lambda,0.40200000000000002,38
