w,Gamma,s_max,v_max,dmu_std_target,delta_P,lambda_star_Data,lambda_star_Concept,lambda_iid_H,w_star,w_over_wstar,mon_len,regime,FPR_Data_val,FPR_Concept_val,censored_Data,DetRate_Data,ADD_Data,MED_Data,SEM_Data,DetRate_Concept,ADD_Concept,MED_Concept,SEM_Concept
39,1.999999999999993,2.2700464519816634,5.153110894154538,2.0,0.5,276.98855876050504,15.810000000000036,129.48222329109777,460.381238368346,0.08471240083158325,200000,saturated,0.035,0.0525,0.0,1.0,222.5225,209.0,7.19762030671068,0.0525,90735.47619047618,81599.0,12792.794581627182
65,1.999999999999993,2.2700464519816634,5.153110894154538,2.0,0.5,276.98855876050504,15.810000000000036,129.48222329109777,460.381238368346,0.14118733471930542,200000,saturated,0.035,0.0525,0.0,1.0,236.5575,222.5,7.154818852802357,0.0525,90735.47619047618,81599.0,12792.794581627182
107,1.999999999999993,2.2700464519816634,5.153110894154538,2.0,0.5,276.98855876050504,15.810000000000036,129.48222329109777,460.381238368346,0.23241607407639508,200000,saturated,0.035,0.0525,0.0,1.0,261.955,248.0,7.23776609754051,0.0525,90735.47619047618,81599.0,12792.794581627182
178,1.999999999999993,2.2700464519816634,5.153110894154538,2.0,0.5,276.98855876050504,15.810000000000036,129.48222329109777,460.381238368346,0.38663608584671333,200000,saturated,0.035,0.0525,0.0,1.0,305.8975,290.0,8.010758272762734,0.0525,90735.47619047618,81599.0,12792.794581627182
296,1.999999999999993,2.2700464519816634,5.153110894154538,2.0,0.5,276.98855876050504,15.810000000000036,129.48222329109777,460.381238368346,0.6429454011832986,200000,saturated,0.035,0.0525,0.0,1.0,376.7575,360.0,7.921588422925706,0.0525,90735.47619047618,81599.0,12792.794581627182
492,1.999999999999993,2.2700464519816634,5.153110894154538,2.0,0.5,276.98855876050504,15.810000000000036,129.48222329109777,460.381238368346,1.0686795181830502,200000,ramp,0.035,0.0525,0.0,1.0,491.43,473.5,8.370331916416305,0.0525,90735.47619047618,81599.0,12792.794581627182
818,1.999999999999993,2.2700464519816634,5.153110894154538,2.0,0.5,276.98855876050504,15.810000000000036,129.48222329109777,460.381238368346,1.7767883046214128,200000,ramp,0.035,0.0525,0.0,1.0,665.18,652.0,8.706987744850249,0.0525,90735.47619047618,81599.0,12792.794581627182
1359,1.999999999999993,2.2700464519816634,5.153110894154538,2.0,0.5,276.98855876050504,15.810000000000036,129.48222329109777,460.381238368346,2.951901352054401,200000,ramp,0.035,0.0525,0.0,1.0,922.1975,899.0,10.084486273125524,0.0525,90735.47619047618,81599.0,12792.794581627182
2258,1.999999999999993,2.2700464519816634,5.153110894154538,2.0,0.5,276.98855876050504,15.810000000000036,129.48222329109777,460.381238368346,4.904630796864486,200000,ramp,0.035,0.0525,0.0,1.0,1300.0575,1280.5,12.475799550346505,0.0525,90735.47619047618,81599.0,12792.794581627182
3752,1.999999999999993,2.2700464519816634,5.153110894154538,2.0,0.5,276.98855876050504,15.810000000000036,129.48222329109777,460.381238368346,8.149767382566676,200000,ramp,0.035,0.0525,0.0,1.0,1879.7125,1840.5,17.806831420059858,0.0525,90735.47619047618,81599.0,12792.794581627182
6234,1.999999999999993,2.2700464519816634,5.153110894154538,2.0,0.5,276.98855876050504,15.810000000000036,129.48222329109777,460.381238368346,13.540951456002308,200000,ramp,0.035,0.0525,0.0,1.0,2716.5475,2669.0,27.62250919803202,0.0525,90735.47619047618,81599.0,12792.794581627182
10359,1.999999999999993,2.2700464519816634,5.153110894154538,2.0,0.5,276.98855876050504,15.810000000000036,129.48222329109777,460.381238368346,22.500916928573613,200000,ramp,0.035,0.0525,0.0,1.0,4033.075,4012.0,42.2987955644485,0.0525,90735.47619047618,81599.0,12792.794581627182
78,3.999999999941683,2.3209658439803,5.386882448923187,2.0,0.5,553.8639216913889,15.810000000000036,129.48222329109777,920.7624767232713,0.08471240083281799,200000,saturated,0.04,0.0525,0.0,1.0,513.345,409.5,76.08344862929002,0.0525,90735.47619047618,81599.0,12792.794581627182
129,3.999999999941683,2.3209658439803,5.386882448923187,2.0,0.5,553.8639216913889,15.810000000000036,129.48222329109777,920.7624767232713,0.14010127830042973,200000,saturated,0.04,0.0525,0.0,1.0,544.1125,441.5,76.01951487093565,0.0525,90735.47619047618,81599.0,12792.794581627182
215,3.999999999941683,2.3209658439803,5.386882448923187,2.0,0.5,553.8639216913889,15.810000000000036,129.48222329109777,920.7624767232713,0.23350213050071625,200000,saturated,0.04,0.0525,0.0,1.0,594.9425,487.0,75.90457634266048,0.0525,90735.47619047618,81599.0,12792.794581627182
356,3.999999999941683,2.3209658439803,5.386882448923187,2.0,0.5,553.8639216913889,15.810000000000036,129.48222329109777,920.7624767232713,0.38663608585234877,200000,saturated,0.04,0.0525,0.0,1.0,679.58,568.5,75.71025121704703,0.0525,90735.47619047618,81599.0,12792.794581627182
592,3.999999999941683,2.3209658439803,5.386882448923187,2.0,0.5,553.8639216913889,15.810000000000036,129.48222329109777,920.7624767232713,0.6429454011926699,200000,saturated,0.04,0.0525,0.0,1.0,818.21,712.5,75.39969429313854,0.0525,90735.47619047618,81599.0,12792.794581627182
984,3.999999999941683,2.3209658439803,5.386882448923187,2.0,0.5,553.8639216913889,15.810000000000036,129.48222329109777,920.7624767232713,1.0686795181986268,200000,ramp,0.04,0.0525,0.0,1.0,1050.58,937.5,75.01618210722845,0.0525,90735.47619047618,81599.0,12792.794581627182
1635,3.999999999941683,2.3209658439803,5.386882448923187,2.0,0.5,553.8639216913889,15.810000000000036,129.48222329109777,920.7624767232713,1.775702248226377,200000,ramp,0.04,0.0525,0.0,1.0,1390.9675,1296.0,74.72701231504716,0.0525,90735.47619047618,81599.0,12792.794581627182
2717,3.999999999941683,2.3209658439803,5.386882448923187,2.0,0.5,553.8639216913889,15.810000000000036,129.48222329109777,920.7624767232713,2.950815295676493,200000,ramp,0.04,0.0525,0.0,1.0,1908.1825,1810.5,74.35134610181753,0.0525,90735.47619047618,81599.0,12792.794581627182
4515,3.999999999941683,2.3209658439803,5.386882448923187,2.0,0.5,553.8639216913889,15.810000000000036,129.48222329109777,920.7624767232713,4.903544740515041,200000,ramp,0.04,0.0525,0.0,1.0,2650.3375,2517.0,74.8183907905375,0.0525,90735.47619047618,81599.0,12792.794581627182
7503,3.999999999941683,2.3209658439803,5.386882448923187,2.0,0.5,553.8639216913889,15.810000000000036,129.48222329109777,920.7624767232713,8.14868132626453,200000,ramp,0.04,0.0525,0.0,1.0,3783.3275,3707.5,78.56288200659603,0.0525,90735.47619047618,81599.0,12792.794581627182
12468,3.999999999941683,2.3209658439803,5.386882448923187,2.0,0.5,553.8639216913889,15.810000000000036,129.48222329109777,920.7624767232713,13.540951456199675,200000,ramp,0.04,0.0525,0.0,1.0,5479.05,5337.5,86.1789184412828,0.0525,90735.47619047618,81599.0,12792.794581627182
20717,3.999999999941683,2.3209658439803,5.386882448923187,2.0,0.5,553.8639216913889,15.810000000000036,129.48222329109777,920.7624767232713,22.499830872480644,200000,ramp,0.04,0.0525,0.0,1.0,8159.42,7863.0,102.35830830811561,0.0525,90735.47619047618,81599.0,12792.794581627182
155,7.999999999758865,2.390990461570558,5.71683538732139,2.0,0.5,1103.76048305418,15.810000000000036,129.48222329109777,1841.5249534178834,0.08416937262366112,200000,saturated,0.0625,0.0525,0.0025,0.9975,962.9172932330827,775.0,50.91228430973535,0.0525,90735.47619047618,81599.0,12792.794581627182
258,7.999999999758865,2.390990461570558,5.71683538732139,2.0,0.5,1103.76048305418,15.810000000000036,129.48222329109777,1841.5249534178834,0.1401012783026101,200000,saturated,0.0625,0.0525,0.0025,0.9975,1022.1453634085213,837.0,52.82794693375197,0.0525,90735.47619047618,81599.0,12792.794581627182
429,7.999999999758865,2.390990461570558,5.71683538732139,2.0,0.5,1103.76048305418,15.810000000000036,129.48222329109777,1841.5249534178834,0.23295910229387495,200000,saturated,0.0625,0.0525,0.0025,0.9975,1114.3032581453633,924.0,52.53101442616912,0.0525,90735.47619047618,81599.0,12792.794581627182
713,7.999999999758865,2.390990461570558,5.71683538732139,2.0,0.5,1103.76048305418,15.810000000000036,129.48222329109777,1841.5249534178834,0.38717911406884115,200000,saturated,0.0625,0.0525,0.0025,0.9975,1282.31328320802,1112.0,51.934407470470084,0.0525,90735.47619047618,81599.0,12792.794581627182
1185,7.999999999758865,2.390990461570558,5.71683538732139,2.0,0.5,1103.76048305418,15.810000000000036,129.48222329109777,1841.5249534178834,0.6434884294131511,200000,saturated,0.0625,0.0525,0.0025,0.9975,1556.8646616541353,1395.0,51.57249533284477,0.0525,90735.47619047618,81599.0,12792.794581627182
1968,7.999999999758865,2.390990461570558,5.71683538732139,2.0,0.5,1103.76048305418,15.810000000000036,129.48222329109777,1841.5249534178834,1.0686795182152586,200000,ramp,0.0625,0.0525,0.0025,0.9975,2013.4887218045112,1878.0,56.54846833502381,0.0525,90735.47619047618,81599.0,12792.794581627182
3271,7.999999999758865,2.390990461570558,5.71683538732139,2.0,0.5,1103.76048305418,15.810000000000036,129.48222329109777,1841.5249534178834,1.7762452764644872,200000,ramp,0.0625,0.0525,0.0025,0.9975,2694.4912280701756,2525.0,60.77902264828958,0.0525,90735.47619047618,81599.0,12792.794581627182
5435,7.999999999758865,2.390990461570558,5.71683538732139,2.0,0.5,1103.76048305418,15.810000000000036,129.48222329109777,1841.5249534178834,2.9513583239328915,200000,ramp,0.0625,0.0525,0.0025,0.9975,3707.751879699248,3525.0,69.76469619426585,0.0525,90735.47619047618,81599.0,12792.794581627182
9031,7.999999999758865,2.390990461570558,5.71683538732139,2.0,0.5,1103.76048305418,15.810000000000036,129.48222329109777,1841.5249534178834,4.904087768801829,200000,ramp,0.0625,0.0525,0.0025,0.9975,5219.107769423559,5014.0,86.69512834532327,0.0525,90735.47619047618,81599.0,12792.794581627182
15006,7.999999999758865,2.390990461570558,5.71683538732139,2.0,0.5,1103.76048305418,15.810000000000036,129.48222329109777,1841.5249534178834,8.148681326391346,200000,ramp,0.0625,0.0525,0.0025,0.9975,7446.68671679198,7069.0,108.06623916819059,0.0525,90735.47619047618,81599.0,12792.794581627182
24935,7.999999999758865,2.390990461570558,5.71683538732139,2.0,0.5,1103.76048305418,15.810000000000036,129.48222329109777,1841.5249534178834,13.540408428199935,200000,ramp,0.0625,0.0525,0.0025,0.9975,10859.45112781955,10338.0,164.72084019485823,0.0525,90735.47619047618,81599.0,12792.794581627182
41434,7.999999999758865,2.390990461570558,5.71683538732139,2.0,0.5,1103.76048305418,15.810000000000036,129.48222329109777,1841.5249534178834,22.499830872830803,200000,ramp,0.0625,0.0525,0.0025,0.9975,16036.423558897242,15235.0,253.9620317373794,0.0525,90735.47619047618,81599.0,12792.794581627182
225,11.579999998279618,2.436528846008845,5.936672817433192,2.0,0.5,1771.4235068620317,15.810000000000036,129.48222329109777,2665.607369756717,0.0844085301356798,200000,saturated,0.0525,0.0525,0.0075,0.9925,1506.2040302267003,1217.0,78.75047125481507,0.0525,90735.47619047618,81599.0,12792.794581627182
374,11.579999998279618,2.436528846008845,5.936672817433192,2.0,0.5,1771.4235068620317,15.810000000000036,129.48222329109777,2665.607369756717,0.14030573453664108,200000,saturated,0.0525,0.0525,0.0075,0.9925,1586.4458438287154,1286.0,78.34504344023172,0.0525,90735.47619047618,81599.0,12792.794581627182
621,11.579999998279618,2.436528846008845,5.936672817433192,2.0,0.5,1771.4235068620317,15.810000000000036,129.48222329109777,2665.607369756717,0.2329675431744762,200000,saturated,0.0525,0.0525,0.0075,0.9925,1720.566750629723,1436.0,77.70540750620312,0.0525,90735.47619047618,81599.0,12792.794581627182
1032,11.579999998279618,2.436528846008845,5.936672817433192,2.0,0.5,1771.4235068620317,15.810000000000036,129.48222329109777,2665.607369756717,0.3871537915556513,200000,saturated,0.0525,0.0525,0.0075,0.9925,1956.191435768262,1689.0,76.99221714049514,0.0525,90735.47619047618,81599.0,12792.794581627182
1715,11.579999998279618,2.436528846008845,5.936672817433192,2.0,0.5,1771.4235068620317,15.810000000000036,129.48222329109777,2665.607369756717,0.6433805741452926,200000,saturated,0.0525,0.0525,0.0075,0.9925,2358.3778337531485,2126.0,75.80132534381873,0.0525,90735.47619047618,81599.0,12792.794581627182
2849,11.579999998279618,2.436528846008845,5.936672817433192,2.0,0.5,1771.4235068620317,15.810000000000036,129.48222329109777,2665.607369756717,1.0687995660291187,200000,ramp,0.0525,0.0525,0.0075,0.9925,3014.332493702771,2727.0,77.61586887178929,0.0525,90735.47619047618,81599.0,12792.794581627182
4734,11.579999998279618,2.436528846008845,5.936672817433192,2.0,0.5,1771.4235068620317,15.810000000000036,129.48222329109777,2665.607369756717,1.7759554740547028,200000,ramp,0.0525,0.0525,0.0075,0.9925,3988.544080604534,3811.0,79.7875576142085,0.0525,90735.47619047618,81599.0,12792.794581627182
7867,11.579999998279618,2.436528846008845,5.936672817433192,2.0,0.5,1771.4235068620317,15.810000000000036,129.48222329109777,2665.607369756717,2.9512973625661907,200000,ramp,0.0525,0.0525,0.0075,0.9925,5507.617128463476,5224.0,95.7507714702835,0.0525,90735.47619047618,81599.0,12792.794581627182
13072,11.579999998279618,2.436528846008845,5.936672817433192,2.0,0.5,1771.4235068620317,15.810000000000036,129.48222329109777,2665.607369756717,4.903948026371583,200000,ramp,0.0525,0.0525,0.0075,0.9925,7700.392947103274,7291.0,116.65358330851528,0.0525,90735.47619047618,81599.0,12792.794581627182
21722,11.579999998279618,2.436528846008845,5.936672817433192,2.0,0.5,1771.4235068620317,15.810000000000036,129.48222329109777,2665.607369756717,8.14898707380994,200000,ramp,0.0525,0.0525,0.0075,0.9925,10953.55919395466,10416.0,158.3357508454585,0.0525,90735.47619047618,81599.0,12792.794581627182
36094,11.579999998279618,2.436528846008845,5.936672817433192,2.0,0.5,1771.4235068620317,15.810000000000036,129.48222329109777,2665.607369756717,13.54062882985434,200000,ramp,0.0525,0.0525,0.0075,0.9925,15902.166246851386,15163.0,255.0057062439066,0.0525,90735.47619047618,81599.0,12792.794581627182
59976,11.579999998279618,2.436528846008845,5.936672817433192,2.0,0.5,1771.4235068620317,15.810000000000036,129.48222329109777,2665.607369756717,22.499937792966804,200000,ramp,0.0525,0.0525,0.0075,0.9925,23284.35516372796,21808.0,396.67736670401854,0.0525,90735.47619047618,81599.0,12792.794581627182
388,19.999999999166857,2.514475953485813,6.322589320658389,2.0,0.5,3332.1901105130446,15.810000000000036,129.48222329109777,4603.812383491695,0.08427797826672663,200000,saturated,0.055,0.0525,0.0125,0.9875,3135.1620253164556,2146.0,504.9878877662907,0.0525,90735.47619047618,81599.0,12792.794581627182
645,19.999999999166857,2.514475953485813,6.322589320658389,2.0,0.5,3332.1901105130446,15.810000000000036,129.48222329109777,4603.812383491695,0.1401012783042234,200000,saturated,0.055,0.0525,0.0125,0.9875,3296.7518987341773,2318.0,504.65019415914173,0.0525,90735.47619047618,81599.0,12792.794581627182
1073,19.999999999166857,2.514475953485813,6.322589320658389,2.0,0.5,3332.1901105130446,15.810000000000036,129.48222329109777,4603.812383491695,0.2330677079386538,200000,saturated,0.055,0.0525,0.0125,0.9875,3545.2227848101265,2556.0,503.92174940926446,0.0525,90735.47619047618,81599.0,12792.794581627182
1782,19.999999999166857,2.514475953485813,6.322589320658389,2.0,0.5,3332.1901105130446,15.810000000000036,129.48222329109777,4603.812383491695,0.3870705084312032,200000,saturated,0.055,0.0525,0.0125,0.9875,3953.5721518987343,2880.0,502.84398910624805,0.0525,90735.47619047618,81599.0,12792.794581627182
2961,19.999999999166857,2.514475953485813,6.322589320658389,2.0,0.5,3332.1901105130446,15.810000000000036,129.48222329109777,4603.812383491695,0.6431626124942721,200000,saturated,0.055,0.0525,0.0125,0.9875,4659.151898734177,3578.0,502.0675975513601,0.0525,90735.47619047618,81599.0,12792.794581627182
4921,19.999999999166857,2.514475953485813,6.322589320658389,2.0,0.5,3332.1901105130446,15.810000000000036,129.48222329109777,4603.812383491695,1.068896729511757,200000,ramp,0.055,0.0525,0.0125,0.9875,5808.265822784811,4738.0,501.6131643081794,0.0525,90735.47619047618,81599.0,12792.794581627182
8177,19.999999999166857,2.514475953485813,6.322589320658389,2.0,0.5,3332.1901105130446,15.810000000000036,129.48222329109777,4603.812383491695,1.7761366708428445,200000,ramp,0.055,0.0525,0.0125,0.9875,7540.329113924051,6593.0,504.39059398953486,0.0525,90735.47619047618,81599.0,12792.794581627182
13587,19.999999999166857,2.514475953485813,6.322589320658389,2.0,0.5,3332.1901105130446,15.810000000000036,129.48222329109777,4603.812383491695,2.9512497183247803,200000,ramp,0.055,0.0525,0.0125,0.9875,10061.648101265822,9012.0,510.93218608077854,0.0525,90735.47619047618,81599.0,12792.794581627182
22577,19.999999999166857,2.514475953485813,6.322589320658389,2.0,0.5,3332.1901105130446,15.810000000000036,129.48222329109777,4603.812383491695,4.903979163216204,200000,ramp,0.055,0.0525,0.0125,0.9875,13895.303797468354,12686.0,529.1529623432796,0.0525,90735.47619047618,81599.0,12792.794581627182
37516,19.999999999166857,2.514475953485813,6.322589320658389,2.0,0.5,3332.1901105130446,15.810000000000036,129.48222329109777,4603.812383491695,8.148898537769371,200000,ramp,0.055,0.0525,0.0125,0.9875,19353.759493670885,17704.0,564.8291472183995,0.0525,90735.47619047618,81599.0,12792.794581627182
62339,19.999999999166857,2.514475953485813,6.322589320658389,2.0,0.5,3332.1901105130446,15.810000000000036,129.48222329109777,4603.812383491695,13.540734245282144,200000,ramp,0.055,0.0525,0.0125,0.9875,27352.944303797467,25132.0,654.326657862654,0.0525,90735.47619047618,81599.0,12792.794581627182
103586,19.999999999166857,2.514475953485813,6.322589320658389,2.0,0.5,3332.1901105130446,15.810000000000036,129.48222329109777,4603.812383491695,22.500048084374082,200000,ramp,0.055,0.0525,0.0125,0.9875,39523.33164556962,36395.0,872.5917261539328,0.0525,90735.47619047618,81599.0,12792.794581627182
