K,c,k_index,c_index,DetRate,CI_low,CI_high,ADD,SEM,ADD_single,budget_reduction,add_reliable,n_detected,deff,deff_clamped,deff_lags,n_eff,SEM_design,distinct_starts,ADD_single_DetRate,ADD_single_reliable,ADD_single_SEM,ADD_single_SEM_design,ADD_single_n_detected
1,0.10000000000000001,0,0,0.64049999999999996,0.61921895872065202,0.66124235099331585,467.55581576893053,4.0206618259097944,469.04170073589535,NaN,0,1281,7.4806937648571692,False,820,171.24080202532639,10.996854648788251,1002,0.61150000000000004,0,4.2263754424929463,14.894574724474785,1223
5,0.10000000000000001,1,0,0.73799999999999999,0.71828547790323949,0.75680200759088412,520.31029810298105,3.7706725607096376,469.04170073589535,NaN,0,1476,43.918354980179835,False,945,33.607816154910914,24.988595840384296,1168,0.61150000000000004,0,4.2263754424929463,14.894574724474785,1223
10,0.10000000000000001,2,0,0.98950000000000005,0.98400109809252689,0.99312211261912653,422.133400707428,3.234896991840567,469.04170073589535,1.1111219817002316,1,1979,39.287408068172724,False,1267,50.37237367672558,20.276227013955427,1502,0.61150000000000004,0,4.2263754424929463,14.894574724474785,1223
20,0.10000000000000001,3,0,1,0.99808295271874692,0.99999999999999978,359.06549999999999,3.1326084534675522,469.04170073589535,1.3062845100292158,1,2000,17.588803969744788,False,1280,113.70869806953792,13.137849117572738,1576,0.61150000000000004,0,4.2263754424929463,14.894574724474785,1223
30,0.10000000000000001,4,0,1,0.99808295271874692,0.99999999999999978,390.08249999999998,3.0499710668511781,469.04170073589535,1.202416670155404,1,2000,24.525888236641897,False,1280,81.546485929589366,15.104560460792264,1552,0.61150000000000004,0,4.2263754424929463,14.894574724474785,1223
40,0.10000000000000001,5,0,0.95299999999999996,0.94282455752835337,0.96143859763483142,412.75236096537253,3.3094879504402379,469.04170073589535,1.1363755730890783,1,1906,27.551327297080022,False,1220,69.179970149823021,17.371289866137278,1478,0.61150000000000004,0,4.2263754424929463,14.894574724474785,1223
50,0.10000000000000001,6,0,1,0.99808295271874692,0.99999999999999978,331.56549999999999,2.9047761044499611,469.04170073589535,1.4146275795759673,1,2000,31.673315309483396,False,1280,63.144637069336859,16.347804122235562,1541,0.61150000000000004,0,4.2263754424929463,14.894574724474785,1223
60,0.10000000000000001,7,0,0.99750000000000005,0.9941608466835673,0.9989316912715861,355.60601503759398,3.1901577294107581,469.04170073589535,1.3189925954607635,1,1995,26.651184480015932,False,1277,74.85596002293731,16.469120756756105,1567,0.61150000000000004,0,4.2263754424929463,14.894574724474785,1223
75,0.10000000000000001,8,0,1,0.99808295271874692,0.99999999999999978,341.16449999999998,2.974732969191352,469.04170073589535,1.3748256361253746,1,2000,17.728038226427572,False,1280,112.81564121508698,12.525017073609138,1535,0.61150000000000004,0,4.2263754424929463,14.894574724474785,1223
97,0.10000000000000001,9,0,1,0.99808295271874692,0.99999999999999978,349.51400000000001,3.0243646924431,469.04170073589535,1.3419825836329742,1,2000,26.772139510577752,False,1280,74.704526293454961,15.648607549307259,1557,0.61150000000000004,0,4.2263754424929463,14.894574724474785,1223
1,0.25,0,1,1,0.99808295271874692,0.99999999999999978,336.03300000000002,3.3429731812183556,332.72386193096548,0.99015234197523894,1,2000,1,True,1280,2000,3.3429731812183556,1551,0.99950000000000006,1,3.2726279468368018,3.2726279468368018,1999
5,0.25,1,1,1,0.99808295271874692,0.99999999999999978,278.11200000000002,2.4054197658880794,332.72386193096548,1.1963664348570557,1,2000,49.05773664400305,False,1280,40.768289301917591,16.847855502501897,1543,0.99950000000000006,1,3.2726279468368018,3.2726279468368018,1999
10,0.25,2,1,1,0.99808295271874692,0.99999999999999978,192.46700000000001,1.6424555658046953,332.72386193096548,1.7287320004518461,1,2000,13.078669666016737,False,1280,152.92075196277386,5.9398491350416318,1576,0.99950000000000006,1,3.2726279468368018,3.2726279468368018,1999
20,0.25,3,1,1,0.99808295271874692,0.99999999999999978,161.66300000000001,1.5761450860140009,332.72386193096548,2.0581324231949516,1,2000,32.240411099167289,False,1280,62.033948445888655,8.9494527148473555,1565,0.99950000000000006,1,3.2726279468368018,3.2726279468368018,1999
30,0.25,4,1,1,0.99808295271874692,0.99999999999999978,174.4545,1.5797058904191981,332.72386193096548,1.907224301642924,1,2000,33.516378768347423,False,1280,59.672317639779827,9.1454437395928476,1548,0.99950000000000006,1,3.2726279468368018,3.2726279468368018,1999
40,0.25,5,1,1,0.99808295271874692,0.99999999999999978,188.51650000000001,1.7826025074942708,332.72386193096548,1.7649588334759316,1,2000,34.473446379423457,False,1280,58.01566742087504,10.466388820977196,1559,0.99950000000000006,1,3.2726279468368018,3.2726279468368018,1999
50,0.25,6,1,1,0.99808295271874692,0.99999999999999978,151.0565,1.4788927330042791,332.72386193096548,2.2026451157743328,1,2000,41.728322806950601,False,1280,47.929077074405306,9.5532719226890173,1550,0.99950000000000006,1,3.2726279468368018,3.2726279468368018,1999
60,0.25,7,1,1,0.99808295271874692,0.99999999999999978,160.22200000000001,1.5770062880078215,332.72386193096548,2.0766427951902076,1,2000,30.231651326327629,False,1280,66.155830470903652,8.6709036419524583,1550,0.99950000000000006,1,3.2726279468368018,3.2726279468368018,1999
75,0.25,8,1,1,0.99808295271874692,0.99999999999999978,157.91149999999999,1.6194967486025922,332.72386193096548,2.1070274294840181,1,2000,45.751938199876442,False,1280,43.713995050058912,10.954305002328633,1566,0.99950000000000006,1,3.2726279468368018,3.2726279468368018,1999
97,0.25,9,1,1,0.99808295271874692,0.99999999999999978,158.9915,1.6027615656089014,332.72386193096548,2.0927147799156902,1,2000,37.4506972860544,False,1280,53.403545058819091,9.8084159192487448,1588,0.99950000000000006,1,3.2726279468368018,3.2726279468368018,1999
1,0.5,0,2,1,0.99808295271874692,0.99999999999999978,185.03550000000001,1.7199948578500213,184.7835,0.99863809917556356,1,2000,1,True,1280,2000,1.7199948578500213,1566,1,1,1.6706477324073734,1.6706477324073734,2000
5,0.5,1,2,1,0.99808295271874692,0.99999999999999978,153.42699999999999,1.119924975824603,184.7835,1.2043740671459391,1,2000,40.75540473207429,False,1280,49.073245944874898,7.1495965487776338,1589,1,1,1.6706477324073734,1.6706477324073734,2000
10,0.5,2,2,1,0.99808295271874692,0.99999999999999978,105.61,0.83215214269645255,184.7835,1.749678060789698,1,2000,10.08718599625821,False,1280,198.27135146926901,2.6429427158976884,1535,1,1,1.6706477324073734,1.6706477324073734,2000
20,0.5,3,2,1,0.99808295271874692,0.99999999999999978,87.617000000000004,0.76423797690423045,184.7835,2.1089914057774175,1,2000,23.896791864167422,False,1280,83.693242648145784,3.7359272927728302,1571,1,1,1.6706477324073734,1.6706477324073734,2000
30,0.5,4,2,1,0.99808295271874692,0.99999999999999978,96.037999999999997,0.7723668514874511,184.7835,1.924066515337679,1,2000,29.487959925329363,False,1280,67.824291848757355,4.1941696208492294,1555,1,1,1.6706477324073734,1.6706477324073734,2000
40,0.5,5,2,1,0.99808295271874692,0.99999999999999978,104.3955,0.84695053130406506,184.7835,1.7700331910858227,1,2000,28.652366347104206,False,1280,69.802262604468368,4.5335487745650074,1565,1,1,1.6706477324073734,1.6706477324073734,2000
50,0.5,6,2,1,0.99808295271874692,0.99999999999999978,80.123000000000005,0.66437913522149294,184.7835,2.3062478938631852,1,2000,21.924062123460924,False,1280,91.223970664624289,3.110831565028449,1569,1,1,1.6706477324073734,1.6706477324073734,2000
60,0.5,7,2,1,0.99808295271874692,0.99999999999999978,88.3245,0.72071583549466034,184.7835,2.0920978890341866,1,2000,24.33744443453071,False,1280,82.177896918475909,3.5555071057915058,1569,1,1,1.6706477324073734,1.6706477324073734,2000
75,0.5,8,2,1,0.99808295271874692,0.99999999999999978,84.909000000000006,0.74274436658721843,184.7835,2.1762534006995722,1,2000,27.948147418968141,False,1280,71.561093836316999,3.9265929204754157,1573,1,1,1.6706477324073734,1.6706477324073734,2000
97,0.5,9,2,1,0.99808295271874692,0.99999999999999978,86.688500000000005,0.74406252989866362,184.7835,2.131580313421042,1,2000,23.471005216279046,False,1280,85.211518704483851,3.6047510708592934,1563,1,1,1.6706477324073734,1.6706477324073734,2000
1,0.75,0,3,1,0.99808295271874692,0.99999999999999978,135.23349999999999,1.0613032889851066,132.328,0.97851493897591946,1,2000,1,True,1280,2000,1.0613032889851066,1591,1,1,1.021555429601289,1.021555429601289,2000
5,0.75,1,3,1,0.99808295271874692,0.99999999999999978,112.6315,0.69926664498987634,132.328,1.1748755898660677,1,2000,36.596310500455807,False,1280,54.650317823024537,4.2302054919765801,1553,1,1,1.021555429601289,1.021555429601289,2000
10,0.75,2,3,1,0.99808295271874692,0.99999999999999978,80.191000000000003,0.52326920875627314,132.328,1.6501602424212194,1,2000,11.222095944374429,False,1280,178.21982719748428,1.7529202923528278,1547,1,1,1.021555429601289,1.021555429601289,2000
20,0.75,3,3,1,0.99808295271874692,0.99999999999999978,64.999499999999998,0.4707297984476585,132.328,2.0358310448541914,1,2000,17.844525761769404,False,1280,112.07919037472288,1.9884935950715186,1579,1,1,1.021555429601289,1.021555429601289,2000
30,0.75,4,3,1,0.99808295271874692,0.99999999999999978,71.606499999999997,0.54102234839767283,132.328,1.8479886602473241,1,2000,19.606653042906167,False,1280,102.00619124657867,2.3956145217583553,1552,1,1,1.021555429601289,1.021555429601289,2000
40,0.75,5,3,1,0.99808295271874692,0.99999999999999978,76.776499999999999,0.5152955837617107,132.328,1.7235482211353734,1,2000,25.407939774808671,False,1280,78.715551820653687,2.597413814991302,1564,1,1,1.021555429601289,1.021555429601289,2000
50,0.75,6,3,1,0.99808295271874692,0.99999999999999978,60.076999999999998,0.44204098861735541,132.328,2.2026399454033991,1,2000,19.596690726440176,False,1280,102.05804785710922,1.956833663159887,1557,1,1,1.021555429601289,1.021555429601289,2000
60,0.75,7,3,1,0.99808295271874692,0.99999999999999978,63.725499999999997,0.44565051000030481,132.328,2.0765313728413273,1,2000,12.148900421664772,False,1280,164.62395201078937,1.5533270100824264,1558,1,1,1.021555429601289,1.021555429601289,2000
75,0.75,8,3,1,0.99808295271874692,0.99999999999999978,62.329999999999998,0.46455834642013943,132.328,2.1230226215305632,1,2000,15.528113839869315,False,1280,128.79864358444399,1.830625974942869,1564,1,1,1.021555429601289,1.021555429601289,2000
97,0.75,9,3,1,0.99808295271874692,0.99999999999999978,63.750500000000002,0.46795257738615048,132.328,2.0757170531995826,1,2000,18.550010891294001,False,1280,107.81664828771889,2.015458815587357,1586,1,1,1.021555429601289,1.021555429601289,2000
1,1,0,4,1,0.99808295271874692,0.99999999999999978,111.51900000000001,0.72942809938751885,111.1285,0.99649835454048186,1,2000,1,True,1280,2000,0.72942809938751885,1566,1,1,0.73696441715395955,0.73696441715395955,2000
5,1,1,4,1,0.99808295271874692,0.99999999999999978,93.933499999999995,0.45518747422720968,111.1285,1.1830550336142058,1,2000,21.710961361602138,False,1280,92.119366189706682,2.1209470673597219,1556,1,1,0.73696441715395955,0.73696441715395955,2000
10,1,2,4,1,0.99808295271874692,0.99999999999999978,67.974999999999994,0.39878528351880738,111.1285,1.63484369253402,1,2000,15.210323190401882,False,1280,131.48964522082301,1.5552791291709649,1583,1,1,0.73696441715395955,0.73696441715395955,2000
20,1,3,4,1,0.99808295271874692,0.99999999999999978,55.372500000000002,0.35542936976767509,111.1285,2.006925820578807,1,2000,16.665762022754478,False,1280,120.00651378972736,1.4509949452675486,1561,1,1,0.73696441715395955,0.73696441715395955,2000
30,1,4,4,1,0.99808295271874692,0.99999999999999978,60.451999999999998,0.38464701306825605,111.1285,1.8382931912922651,1,2000,15.435425482685124,False,1280,129.57206798371217,1.5111990331326086,1560,1,1,0.73696441715395955,0.73696441715395955,2000
40,1,5,4,1,0.99808295271874692,0.99999999999999978,65.030000000000001,0.37966514563679093,111.1285,1.7088805166846071,1,2000,12.906927762854364,False,1280,154.95554300349633,1.3639930868440884,1549,1,1,0.73696441715395955,0.73696441715395955,2000
50,1,6,4,1,0.99808295271874692,0.99999999999999978,50.350999999999999,0.31767964945812927,111.1285,2.2070763242040874,1,2000,8.8524189264983537,False,1280,225.92694907527567,0.94519273277931848,1580,1,1,0.73696441715395955,0.73696441715395955,2000
60,1,7,4,1,0.99808295271874692,0.99999999999999978,54.792000000000002,0.33883221752929266,111.1285,2.0281884216673967,1,2000,11.522149763251056,False,1280,173.57871934444341,1.1501419815388616,1581,1,1,0.73696441715395955,0.73696441715395955,2000
75,1,8,4,1,0.99808295271874692,0.99999999999999978,53.180999999999997,0.33557998519463522,111.1285,2.0896278746168746,1,2000,19.518884161560152,False,1280,102.46487368057311,1.482598457308745,1575,1,1,0.73696441715395955,0.73696441715395955,2000
97,1,9,4,1,0.99808295271874692,0.99999999999999978,53.802,0.32908288587054546,111.1285,2.0655087171480613,1,2000,21.677898439412964,False,1280,92.259865760961645,1.5321944532941731,1576,1,1,0.73696441715395955,0.73696441715395955,2000
