source,ticker,c,arm,n_onsets,lambda_star,FPR_achieved,DetRate,CI_low,CI_high,ADD,SEM,add_reliable
Real_BTC,BTC,0.10000000000000001,Concept,106,11.231463134765626,0.04716981132075472,0.41509433962264153,0.32586888065797293,0.51025856891110732,174.04545454545453,15.147891956598297,False
Real_BTC,BTC,0.10000000000000001,Eco,106,34.180670410156253,0.04716981132075472,0.52830188679245282,0.43395173468019432,0.62067244879677885,258.82142857142856,11.991655983593883,False
Real_BTC,BTC,0.14999999999999999,Concept,106,11.231463134765626,0.04716981132075472,0.55660377358490565,0.46169918065155957,0.647549186302387,179.47457627118644,17.238102341189148,False
Real_BTC,BTC,0.14999999999999999,Eco,106,34.180670410156253,0.04716981132075472,0.65094339622641506,0.55636588705482359,0.73496309148903372,235.05797101449275,12.081027358487969,False
Real_BTC,BTC,0.20000000000000001,Concept,106,11.231463134765626,0.04716981132075472,0.839622641509434,0.75810040339080709,0.89738979833287214,208.12359550561797,14.492429275520067,False
Real_BTC,BTC,0.20000000000000001,Eco,106,34.180670410156253,0.04716981132075472,0.79245283018867929,0.70569635125160057,0.85875354467712328,210.48809523809524,11.695839304768851,False
Real_BTC,BTC,0.25,Concept,106,11.231463134765626,0.04716981132075472,0.98113207547169812,0.93380072788814128,0.99481039122040427,161.26923076923077,11.301273940216882,True
Real_BTC,BTC,0.25,Eco,106,34.180670410156253,0.04716981132075472,0.89622641509433965,0.82367815661589427,0.94106041206173152,186.08421052631579,10.370976582291927,False
Real_BTC,BTC,0.34999999999999998,Concept,106,11.231463134765626,0.04716981132075472,1,0.96502724142652774,1,101.38679245283019,6.0425624981536963,True
Real_BTC,BTC,0.34999999999999998,Eco,106,34.180670410156253,0.04716981132075472,1,0.96502724142652774,1,136.87735849056602,6.9936998403151218,True
Real_BTC,BTC,0.5,Concept,106,11.231463134765626,0.04716981132075472,1,0.96502724142652774,1,70.169811320754718,3.8073365991223098,True
Real_BTC,BTC,0.5,Eco,106,34.180670410156253,0.04716981132075472,1,0.96502724142652774,1,88.311320754716988,3.1944338830709995,True
Real_BTC,BTC,0.59999999999999998,Concept,106,11.231463134765626,0.04716981132075472,1,0.96502724142652774,1,60.066037735849058,2.8133229816972261,True
Real_BTC,BTC,0.59999999999999998,Eco,106,34.180670410156253,0.04716981132075472,1,0.96502724142652774,1,71.688679245283012,2.3019781611756391,True
Real_BTC,BTC,0.75,Concept,106,11.231463134765626,0.04716981132075472,1,0.96502724142652774,1,48.60377358490566,2.11420458475907,True
Real_BTC,BTC,0.75,Eco,106,34.180670410156253,0.04716981132075472,1,0.96502724142652774,1,57.113207547169814,1.6096629244288074,True
Real_BTC,BTC,1,Concept,106,11.231463134765626,0.04716981132075472,1,0.96502724142652774,1,40.028301886792455,1.4470884793736551,True
Real_BTC,BTC,1,Eco,106,34.180670410156253,0.04716981132075472,1,0.96502724142652774,1,44.650943396226417,1.0996975580880848,True
Real_BTC,BTC,1.25,Concept,106,11.231463134765626,0.04716981132075472,1,0.96502724142652774,1,35.858490566037737,0.95226385927421897,True
Real_BTC,BTC,1.25,Eco,106,34.180670410156253,0.04716981132075472,1,0.96502724142652774,1,37.764150943396224,0.83131911531202651,True
Real_BTC,BTC,1.5,Concept,106,11.231463134765626,0.04716981132075472,1,0.96502724142652774,1,33.264150943396224,0.71776296582810406,True
Real_BTC,BTC,1.5,Eco,106,34.180670410156253,0.04716981132075472,1,0.96502724142652774,1,33.018867924528301,0.63663256302623472,True
Real_ETH,ETH,0.10000000000000001,Concept,72,7.8000050944658499,0.041666666666666664,0.43055555555555558,0.32257905786705865,0.54556693832689385,226.70967741935485,25.7979499523668,False
Real_ETH,ETH,0.10000000000000001,Eco,72,39.816970213501662,0.041666666666666664,0.4861111111111111,0.37432674529071863,0.59930245394807191,324.82857142857142,16.665275432701776,False
Real_ETH,ETH,0.14999999999999999,Concept,72,7.8000050944658499,0.041666666666666664,0.59722222222222221,0.48180671684951565,0.70278888847895093,122.90697674418605,12.261254427846682,False
Real_ETH,ETH,0.14999999999999999,Eco,72,39.816970213501662,0.041666666666666664,0.56944444444444442,0.45443306167310615,0.67742094213294124,260.78048780487802,11.530344942176294,False
Real_ETH,ETH,0.20000000000000001,Concept,72,7.8000050944658499,0.041666666666666664,0.875,0.77918946275839163,0.93282215779426492,162.4126984126984,17.016252585801965,False
Real_ETH,ETH,0.20000000000000001,Eco,72,39.816970213501662,0.041666666666666664,0.72222222222222221,0.6095356707476457,0.81239714143170627,213.48076923076923,9.4080921036117076,False
Real_ETH,ETH,0.25,Concept,72,7.8000050944658499,0.041666666666666664,0.97222222222222221,0.9042582477856177,0.99234897809550537,148.98571428571429,15.924624659750569,True
Real_ETH,ETH,0.25,Eco,72,39.816970213501662,0.041666666666666664,0.88888888888888884,0.79577061766335955,0.94261180365050656,208.734375,12.632640830379261,False
Real_ETH,ETH,0.34999999999999998,Concept,72,7.8000050944658499,0.041666666666666664,1,0.94934882740354221,1,89.416666666666671,9.2709295667081957,True
Real_ETH,ETH,0.34999999999999998,Eco,72,39.816970213501662,0.041666666666666664,1,0.94934882740354221,1,155.77777777777777,8.5917843649260774,True
Real_ETH,ETH,0.5,Concept,72,7.8000050944658499,0.041666666666666664,1,0.94934882740354221,1,49.916666666666664,3.3386387177492449,True
Real_ETH,ETH,0.5,Eco,72,39.816970213501662,0.041666666666666664,1,0.94934882740354221,1,97.111111111111114,3.5940062606194423,True
Real_ETH,ETH,0.59999999999999998,Concept,72,7.8000050944658499,0.041666666666666664,1,0.94934882740354221,1,42.208333333333336,2.7660821490416576,True
Real_ETH,ETH,0.59999999999999998,Eco,72,39.816970213501662,0.041666666666666664,1,0.94934882740354221,1,80.305555555555557,2.7349221111480748,True
Real_ETH,ETH,0.75,Concept,72,7.8000050944658499,0.041666666666666664,1,0.94934882740354221,1,34.708333333333336,1.9933761356577633,True
Real_ETH,ETH,0.75,Eco,72,39.816970213501662,0.041666666666666664,1,0.94934882740354221,1,65.444444444444443,1.7701538880504071,True
Real_ETH,ETH,1,Concept,72,7.8000050944658499,0.041666666666666664,1,0.94934882740354221,1,27.625,1.1399787299022863,True
Real_ETH,ETH,1,Eco,72,39.816970213501662,0.041666666666666664,1,0.94934882740354221,1,51.125,1.0999329209345248,True
Real_ETH,ETH,1.25,Concept,72,7.8000050944658499,0.041666666666666664,1,0.94934882740354221,1,24.069444444444443,0.61058259623446287,True
Real_ETH,ETH,1.25,Eco,72,39.816970213501662,0.041666666666666664,1,0.94934882740354221,1,42.916666666666664,0.7293319918397847,True
Real_ETH,ETH,1.5,Concept,72,7.8000050944658499,0.041666666666666664,1,0.94934882740354221,1,22.388888888888889,0.4845433272057757,True
Real_ETH,ETH,1.5,Eco,72,39.816970213501662,0.041666666666666664,1,0.94934882740354221,1,38.083333333333336,0.60116591966192079,True
Synth_BTC,BTC,0.10000000000000001,Concept,106,8.7900581054687503,0.04716981132075472,0.37735849056603776,0.29089759989547109,0.47239760503764477,251.02500000000001,20.058803787240151,False
Synth_BTC,BTC,0.10000000000000001,Eco,106,27.344736328124998,0.04716981132075472,0.37735849056603776,0.29089759989547109,0.47239760503764477,263.80000000000001,17.677747311238498,False
Synth_BTC,BTC,0.14999999999999999,Concept,106,8.7900581054687503,0.04716981132075472,0.63207547169811318,0.53715436364759106,0.71775849257828406,238.11940298507463,14.49084673398937,False
Synth_BTC,BTC,0.14999999999999999,Eco,106,27.344736328124998,0.04716981132075472,0.839622641509434,0.75810040339080709,0.89738979833287214,264.75280898876406,12.805709031117402,False
Synth_BTC,BTC,0.20000000000000001,Concept,106,8.7900581054687503,0.04716981132075472,0.76415094339622647,0.67498612442286576,0.83483958802888492,222.34567901234567,13.398789496582584,False
Synth_BTC,BTC,0.20000000000000001,Eco,106,27.344736328124998,0.04716981132075472,0.95283018867924529,0.89430100859387629,0.97968592703769608,215.1881188118812,10.366688532437594,True
Synth_BTC,BTC,0.25,Concept,106,8.7900581054687503,0.04716981132075472,0.83018867924528306,0.74748176193680727,0.88980037862788097,180.26136363636363,11.044267780406066,False
Synth_BTC,BTC,0.25,Eco,106,27.344736328124998,0.04716981132075472,1,0.96502724142652774,1,165.11320754716982,7.7294534164156241,True
Synth_BTC,BTC,0.34999999999999998,Concept,106,8.7900581054687503,0.04716981132075472,1,0.96502724142652774,1,126,6.7789961042065272,True
Synth_BTC,BTC,0.34999999999999998,Eco,106,27.344736328124998,0.04716981132075472,1,0.96502724142652774,1,110.27358490566037,4.2489404165485585,True
Synth_BTC,BTC,0.5,Concept,106,8.7900581054687503,0.04716981132075472,1,0.96502724142652774,1,76.311320754716988,3.8951495429808012,True
Synth_BTC,BTC,0.5,Eco,106,27.344736328124998,0.04716981132075472,1,0.96502724142652774,1,69.5,2.1717485199795727,True
Synth_BTC,BTC,0.59999999999999998,Concept,106,8.7900581054687503,0.04716981132075472,1,0.96502724142652774,1,61.198113207547166,2.8002955843613466,True
Synth_BTC,BTC,0.59999999999999998,Eco,106,27.344736328124998,0.04716981132075472,1,0.96502724142652774,1,57.264150943396224,1.5820561697494053,True
Synth_BTC,BTC,0.75,Concept,106,8.7900581054687503,0.04716981132075472,1,0.96502724142652774,1,46.462264150943398,1.5566423396195548,True
Synth_BTC,BTC,0.75,Eco,106,27.344736328124998,0.04716981132075472,1,0.96502724142652774,1,44.679245283018865,1.1208998039793443,True
Synth_BTC,BTC,1,Concept,106,8.7900581054687503,0.04716981132075472,1,0.96502724142652774,1,33.160377358490564,0.77601284800758463,True
Synth_BTC,BTC,1,Eco,106,27.344736328124998,0.04716981132075472,1,0.96502724142652774,1,33.773584905660378,0.69058704716828534,True
Synth_BTC,BTC,1.25,Concept,106,8.7900581054687503,0.04716981132075472,1,0.96502724142652774,1,27.584905660377359,0.53163837334093711,True
Synth_BTC,BTC,1.25,Eco,106,27.344736328124998,0.04716981132075472,1,0.96502724142652774,1,27.339622641509433,0.46137511591828767,True
Synth_BTC,BTC,1.5,Concept,106,8.7900581054687503,0.04716981132075472,1,0.96502724142652774,1,25.122641509433961,0.37846602334616719,True
Synth_BTC,BTC,1.5,Eco,106,27.344736328124998,0.04716981132075472,1,0.96502724142652774,1,23.216981132075471,0.32653087623223159,True
Synth_ETH,ETH,0.10000000000000001,Concept,72,5.6000156396611009,0.055555555555555552,0.59722222222222221,0.48180671684951565,0.70278888847895093,208.53488372093022,17.866046512754291,False
Synth_ETH,ETH,0.10000000000000001,Eco,72,35.102225094774937,0.055555555555555552,0.29166666666666669,0.19938056188836689,0.4050574266934906,292,18.443392588098593,False
Synth_ETH,ETH,0.14999999999999999,Concept,72,5.6000156396611009,0.055555555555555552,0.75,0.63906492595656061,0.83560948774521049,167.44444444444446,13.27556070819818,False
Synth_ETH,ETH,0.14999999999999999,Eco,72,35.102225094774937,0.055555555555555552,0.58333333333333337,0.46807697931465553,0.69014782525260165,284.47619047619048,17.062451584582845,False
Synth_ETH,ETH,0.20000000000000001,Concept,72,5.6000156396611009,0.055555555555555552,0.98611111111111116,0.92543397852523857,0.9975440481170943,169.88732394366198,12.40849945308284,True
Synth_ETH,ETH,0.20000000000000001,Eco,72,35.102225094774937,0.055555555555555552,0.86111111111111116,0.762868127494437,0.9227726922970102,247.85483870967741,12.300982735590152,False
Synth_ETH,ETH,0.25,Concept,72,5.6000156396611009,0.055555555555555552,1,0.94934882740354221,1,145.15277777777777,12.418385720582943,True
Synth_ETH,ETH,0.25,Eco,72,35.102225094774937,0.055555555555555552,0.90277777777777779,0.81264954204873141,0.95210368002634427,196.83076923076922,9.8231599112395731,True
Synth_ETH,ETH,0.34999999999999998,Concept,72,5.6000156396611009,0.055555555555555552,1,0.94934882740354221,1,80.763888888888886,6.8717161926208297,True
Synth_ETH,ETH,0.34999999999999998,Eco,72,35.102225094774937,0.055555555555555552,1,0.94934882740354221,1,147.01388888888889,7.4871673408540831,True
Synth_ETH,ETH,0.5,Concept,72,5.6000156396611009,0.055555555555555552,1,0.94934882740354221,1,45.125,2.2263795747361836,True
Synth_ETH,ETH,0.5,Eco,72,35.102225094774937,0.055555555555555552,1,0.94934882740354221,1,94.902777777777771,3.551004016114637,True
Synth_ETH,ETH,0.59999999999999998,Concept,72,5.6000156396611009,0.055555555555555552,1,0.94934882740354221,1,36.402777777777779,1.5591055378061593,True
Synth_ETH,ETH,0.59999999999999998,Eco,72,35.102225094774937,0.055555555555555552,1,0.94934882740354221,1,75.541666666666671,2.4615043500110776,True
Synth_ETH,ETH,0.75,Concept,72,5.6000156396611009,0.055555555555555552,1,0.94934882740354221,1,28.833333333333332,1.2123973801552888,True
Synth_ETH,ETH,0.75,Eco,72,35.102225094774937,0.055555555555555552,1,0.94934882740354221,1,58.736111111111114,1.4314308346533666,True
Synth_ETH,ETH,1,Concept,72,5.6000156396611009,0.055555555555555552,1,0.94934882740354221,1,23.277777777777779,0.98036711720626069,True
Synth_ETH,ETH,1,Eco,72,35.102225094774937,0.055555555555555552,1,0.94934882740354221,1,43.791666666666664,0.78565885596928331,True
Synth_ETH,ETH,1.25,Concept,72,5.6000156396611009,0.055555555555555552,1,0.94934882740354221,1,19.319444444444443,0.69550651808661024,True
Synth_ETH,ETH,1.25,Eco,72,35.102225094774937,0.055555555555555552,1,0.94934882740354221,1,36.222222222222221,0.58141955320146677,True
Synth_ETH,ETH,1.5,Concept,72,5.6000156396611009,0.055555555555555552,1,0.94934882740354221,1,16.569444444444443,0.351817584832334,True
Synth_ETH,ETH,1.5,Eco,72,35.102225094774937,0.055555555555555552,1,0.94934882740354221,1,30.986111111111111,0.43677985508015466,True
